{
    "accuracy": 0.6953125,
    "loss": 0.7836534976959229
}