{
    "accuracy": 0.9270833333333334,
    "loss": 0.26405176520347595
}